{
  "pages/account/orders/completed": "---\ncustomer:\norders:\nlimit: 3\n---\n{{#partial \"page\"}}\n<div class=\"account\">\n    {{> components/common/breadcrumbs breadcrumbs=breadcrumbs}}\n    <h2 class=\"account-heading title\">{{lang 'account.orders.heading' }}</h2>\n    {{> components/account/navigation account_page='orders'}}\n    <div class=\"account-row orders-row\">\n        <section class=\"orders\">\n            {{> components/account/orders-list orders=customer.orders}}\n            {{> components/common/small-paginator pagination.orders}}\n        </section>\n    </div>\n</div>\n{{/partial}}\n{{> layout/base}}\n",
  "components/account/navigation": "<nav class=\"navBar navBar--sub navBar--account\">\n    <ul class=\"navBar-section\">\n        <li class=\"navBar-item {{#if account_page '===' 'orders'}}is-active{{/if}}\">\n            <a class=\"navBar-action\" href=\"{{urls.account.orders.all}}\">{{lang 'account.nav.orders'}}</a>\n        </li>\n        {{#if settings.returns_enabled}}\n            <li class=\"navBar-item {{#if account_page '===' 'returns'}}is-active{{/if}}\">\n                <a class=\"navBar-action\" href=\"{{urls.account.returns}}\">{{lang 'account.nav.returns'}}</a>\n            </li>\n        {{/if}}\n        <li class=\"navBar-item {{#if account_page '===' 'messages'}}is-active{{/if}}\">\n            <a class=\"navBar-action\" href=\"{{urls.account.inbox}}\">{{lang 'account.nav.messages' num_new_messages=customer.num_new_messages}}</a>\n        </li>\n        <li class=\"navBar-item {{#if account_page '===' 'addresses'}}is-active{{/if}}\">\n            <a class=\"navBar-action\" href=\"{{urls.account.addresses}}\">{{lang 'account.nav.addresses'}}</a>\n        </li>\n        {{#if settings.show_payment_methods}}\n            <li class=\"navBar-item {{#if account_page '===' 'payment_methods'}}is-active{{/if}}\">\n                <a class=\"navBar-action\" href=\"{{urls.account.payment_methods.all}}\">{{lang 'account.nav.payment_methods'}}</a>\n            </li>\n        {{/if}}\n        {{#if settings.show_wishlist}}\n            <li class=\"navBar-item {{#if account_page '===' 'wishlists'}}is-active{{/if}}\">\n                <a class=\"navBar-action\" href=\"{{urls.account.wishlists.all}}\">{{lang 'account.nav.wishlists'}}</a>\n            </li>\n        {{/if}}\n        <li class=\"navBar-item {{#if account_page '===' 'recent_items'}}is-active{{/if}}\">\n            <a class=\"navBar-action\" href=\"{{urls.account.recent_items}}\">{{lang 'account.nav.recently_viewed'}}</a>\n        </li>\n        <li class=\"navBar-item {{#if account_page '===' 'settings'}}is-active{{/if}}\">\n            <a class=\"navBar-action\" href=\"{{urls.account.details}}\">{{lang 'account.nav.settings'}}</a>\n        </li>\n    </ul>\n</nav>\n",
  "components/common/breadcrumbs": "<nav aria-label=\"Breadcrumb\">\n    <ol class=\"breadcrumbs\">\n        {{#unless theme_settings.hide_breadcrumbs }}\n            {{#each breadcrumbs}}\n                <li class=\"breadcrumb {{#if @last}}is-active{{/if}}\">\n                    <a class=\"breadcrumb-label\"\n                       href=\"{{url}}\"\n                       {{#if @last}}aria-current=\"page\"{{/if}}\n                    >\n                        <span>{{name}}</span>\n                    </a>\n                </li>\n            {{/each}}\n        {{/unless}}\n    </ol>\n</nav>\n\n<script type=\"application/ld+json\"  nonce=\"{{nonce}}\">\n{\n    \"@context\": \"https://schema.org\",\n    \"@type\": \"BreadcrumbList\",\n    \"itemListElement\":\n    [\n        {{#each breadcrumbs}}\n        {\n            \"@type\": \"ListItem\",\n            \"position\": {{add @index 1}},\n            \"item\": {\n                \"@id\": {{{JSONstringify url}}},\n                \"name\": {{{JSONstringify name}}}\n            }\n        }{{#unless @last}},{{/unless}}\n        {{/each}}\n    ]\n}\n</script>\n",
  "components/common/small-paginator": "<div class=\"pagination\" role=\"region\" aria-label=\"{{lang 'common.pagination'}}\">\n    <ul class=\"pagination-list pagination-list--small\">\n        {{#if previous}}\n            <li class=\"pagination-item pagination-item--previous\">\n                <a class=\"pagination-link\" href=\"{{previous}}\" data-faceted-search-facet>\n                    <i class=\"icon\" aria-hidden=\"true\">\n                        <svg>\n                            <use href=\"#icon-chevron-left\"></use>\n                        </svg>\n                    </i>\n                    {{lang 'common.previous'}}\n                </a>\n            </li>\n        {{/if}}\n\n        {{#if this.links.length}}\n        {{#each this.links}}\n            <li class=\"pagination-item\">\n                <a class=\"pagination-link\" href=\"{{this.link}}\">{{this.number}}</a>\n            </li>\n        {{/each}}\n        {{/if}}\n\n        {{#if next}}\n            <li class=\"pagination-item pagination-item--next\">\n                <a class=\"pagination-link\" href=\"{{next}}\" data-faceted-search-facet>\n                    {{lang 'common.next'}}\n                    <i class=\"icon\" aria-hidden=\"true\">\n                        <svg>\n                            <use href=\"#icon-chevron-right\"></use>\n                        </svg>\n                    </i>\n                </a>\n            </li>\n        {{/if}}\n    </ul>\n</div>\n\n",
  "layout/base": "<!DOCTYPE html>\n<html class=\"no-js\" lang=\"{{ locale_name }}\">\n    <head>\n        <title>{{ head.title }}</title>\n        {{{ resourceHints }}}\n        {{{ head.meta_tags }}}\n        {{{ head.config }}}\n        {{#block \"head\"}} {{/block}}\n\n        <link href=\"{{{ head.favicon }}}\" rel=\"shortcut icon\">\n        <meta name=\"viewport\" content=\"width=device-width, initial-scale=1\">\n\n        <script nonce=\"{{nonce}}\">\n            {{!-- Change document class from no-js to js so we can detect this in css --}}\n            document.documentElement.className = document.documentElement.className.replace('no-js', 'js');\n        </script>\n\n        {{> components/common/polyfill-script }}\n        <script nonce=\"{{nonce}}\">window.consentManagerTranslations = `{{{langJson 'consent_manager'}}}`;</script>\n\n        {{!-- Load Lazysizes script ASAP so images will appear --}}\n        <script nonce=\"{{nonce}}\">\n            {{!-- Only load visible elements until the onload event fires, after which preload nearby elements. --}}\n            window.lazySizesConfig = window.lazySizesConfig || {};\n            window.lazySizesConfig.loadMode = 1;\n        </script>\n        <script nonce=\"{{nonce}}\" async src=\"{{cdn 'assets/dist/theme-bundle.head_async.js' resourceHint='preload' as='script'}}\"></script>\n        \n        {{getFontsCollection font-display='block'}}\n        \n        <script nonce=\"{{nonce}}\" async src=\"{{cdn 'assets/dist/theme-bundle.font.js' resourceHint='preload' as='script'}}\"></script>\n\n        {{{stylesheet '/assets/css/theme.css'}}}\n\n        {{{head.scripts}}}\n\n        {{~inject 'zoomSize' theme_settings.zoom_size}}\n        {{~inject 'productSize' theme_settings.product_size}}\n        {{~inject 'genericError' (lang 'common.generic_error')}}\n        {{~inject 'urls' urls}}\n        {{~inject 'secureBaseUrl' settings.secure_base_url}}\n        {{~inject 'cartId' cart_id}}\n        {{~inject 'template' template}}\n        {{~inject 'validationDictionaryJSON' (langJson 'validation_messages')}}\n        {{~inject 'validationFallbackDictionaryJSON' (langJson 'validation_fallback_messages')}}\n        {{~inject 'validationDefaultDictionaryJSON' (langJson 'validation_default_messages')}}\n        {{~inject 'carouselArrowAndDotAriaLabel' (lang 'carousel.arrow_and_dot_aria_label')}}\n        {{~inject 'carouselActiveDotAriaLabel' (lang 'carousel.active_dot_aria_label')}}\n        {{~inject 'carouselContentAnnounceMessage' (lang 'carousel.content_announce_message')}}\n        {{~inject 'giftWrappingRemoveMessage' (lang 'cart.gift_wrapping.remove_confirm')}}\n    </head>\n    <body>\n        <svg data-src=\"{{cdn 'img/icon-sprite.svg'}}\" class=\"icons-svg-sprite\"></svg>\n\n        {{> components/common/header }}\n        {{> components/common/body }}\n        {{> components/common/footer }}\n\n        <script nonce=\"{{nonce}}\">window.__webpack_public_path__ = \"{{cdn 'assets/dist/'}}\";</script>\n        <script nonce=\"{{nonce}}\">\n            {{!-- Exported in app.js --}}\n            function onThemeBundleMain() {\n                window.stencilBootstrap(\"{{page_type}}\", {{jsContext}}).load();\n\n                function browserSupportsFormData() {\n                    return typeof FormData !== 'undefined' \n                        && !!FormData.prototype.keys;\n                }\n                function loadFormDataPolyfillScript(src) {\n                    var formDataPolyfillScript = document.createElement('script');\n                    formDataPolyfillScript.src = src;\n                    formDataPolyfillScript.onerror = function () {\n                        console.error('Failed to load formData polyfill script ' + src);\n                    };\n                    document.body.appendChild(formDataPolyfillScript);\n                }\n\n                if (!browserSupportsFormData()) {\n                    loadFormDataPolyfillScript('{{cdn 'assets/dist/theme-bundle.polyfill_form_data.js'}}');\n                }\n            }\n        </script>\n        <script id=\"theme-bundle-main\" nonce=\"{{nonce}}\" async defer src=\"{{cdn 'assets/dist/theme-bundle.main.js' resourceHint='preload' as='script'}}\"></script>\n        <script nonce=\"{{nonce}}\">\n            const scriptElement = document.getElementById('theme-bundle-main');\n\n            if (scriptElement) {\n                addEventListener('load', onThemeBundleMain);\n            } else {\n                console.error('Could not find script element with id \"theme-bundle-main\"');\n            }\n        </script>\n\n        {{{footer.scripts}}}\n    </body>\n</html>\n",
  "components/account/orders-list": "<h3 class=\"account-heading\">{{lang 'account.orders.heading' }}</h3>\n\n<ul class=\"account-list\">\n    {{#each orders}}\n    <li class=\"account-listItem\">\n        <div class=\"account-product\">\n            <div class=\"account-product-figure\">\n                {{#if items.0.type '===' 'giftcertificate'}}\n                    <img\n                        alt=\"GiftCertificate\"\n                        title=\"GiftCertificate\"\n                        src=\"{{cdn ../theme_settings.default_image_gift_certificate}}\">\n                {{else}}\n                    {{> components/common/responsive-img\n                        image=image\n                        class=\"account-product-image\"\n                        fallback_size=../theme_settings.productthumb_size\n                        lazyload=../theme_settings.lazyload_mode\n                        default_image=../theme_settings.default_image_product\n                    }}\n                {{/if}}\n            </div>\n            <div class=\"account-product-body\">\n                <div class=\"account-orderStatus\">\n                    <h6 class=\"account-orderStatus-label\">{{this.status}}</h6>\n                    {{#if ../settings.returns_enabled}}\n                        {{#if this.return_url}}\n                            <a class=\"account-orderStatus-action\" href=\"{{this.return_url}}\">\n                                {{lang 'account.orders.return_items' }}\n                            </a>\n                        {{/if}}\n                    {{/if}}\n                </div>\n\n                <h5 class=\"account-product-title\">\n                    <a href=\"{{this.details_url}}\">{{lang 'account.orders.list.order_number' number=this.id}}</a>\n                </h5>\n                <p class=\"account-product-description\">{{lang 'account.orders.list.product_details' num_products=this.total_quantity cost=this.total.formatted}}</p>\n\n                <div class=\"account-product-details\">\n                    <div class=\"account-product-detail\">\n                        <h6 class=\"account-product-detail-heading\">{{lang 'account.orders.order_placed' }}</h6>\n                        <span>{{this.date}}</span>\n                    </div>\n                    <div class=\"account-product-detail\">\n                        <h6 class=\"account-product-detail-heading\">{{lang 'account.orders.last_update' }}</h6>\n                        <span>{{this.last_update_date}}</span>\n                    </div>\n                </div>\n            </div>\n        </div>\n    </li>\n    {{/each}}\n</ul>\n",
  "components/common/polyfill-script": "<script nonce=\"{{nonce}}\">\n    {{!--\n        Check for modern browser features, and load polyfills if browser does not appear to support features\n        we need.\n\n            Polyfill approach is all or nothing - please import needed polyfills in /assets/js/polyfills.js\n\n        Inspired by https://philipwalton.com/articles/loading-polyfills-only-when-needed/\n            --}}\n    function browserSupportsAllFeatures() {\n        return window.Promise\n            && window.fetch\n            && window.URL\n            && window.URLSearchParams\n            && window.WeakMap\n            // object-fit support\n            && ('objectFit' in document.documentElement.style);\n    }\n\n    function loadScript(src) {\n        var js = document.createElement('script');\n        js.src = src;\n        js.onerror = function () {\n            console.error('Failed to load polyfill script ' + src);\n        };\n        document.head.appendChild(js);\n    }\n\n    if (!browserSupportsAllFeatures()) {\n        loadScript('{{cdn 'assets/dist/theme-bundle.polyfills.js'}}');\n    }\n</script>\n",
  "components/common/footer": "{{#if banners.bottom}}\n    <div class=\"banners\" data-banner-location=\"bottom\">\n        {{#each (limit banners.bottom_metadata 1)}}\n            <div class=\"banner\" data-event-type=\"promotion\" data-entity-id=\"{{this.id}}\" data-name=\"{{this.banner-name}}\" data-position=\"{{this.location}}\" data-name=\"{{this.banner-name}}\">\n                <div data-event-type=\"promotion-click\">\n                    {{{this.content}}}\n                </div>\n            </div>\n        {{/each}}\n    </div>\n{{/if}}\n\n<!-- Demo: Pre-Footer CTA Section (Editable from Backend) -->\n<div style=\"background: linear-gradient(135deg, #667eea 0%, #764ba2 100%); padding: 60px 20px; text-align: center; color: white;\">\n    <div class=\"container\" style=\"max-width: 1200px; margin: 0 auto;\">\n        <h2 style=\"font-size: 32px; margin-bottom: 15px; font-weight: 700;\">{{theme_settings.demo_footer_newsletter_heading}}</h2>\n        <p style=\"font-size: 18px; margin-bottom: 30px; opacity: 0.95;\">{{theme_settings.demo_footer_newsletter_text}}</p>\n        <div style=\"display: flex; justify-content: center; align-items: center; gap: 10px; max-width: 500px; margin: 0 auto; flex-wrap: wrap;\">\n            <input type=\"email\" placeholder=\"Enter your email\" style=\"flex: 1; min-width: 250px; padding: 15px 20px; border: none; border-radius: 50px; font-size: 16px;\">\n            <button style=\"padding: 15px 40px; background: white; color: #667eea; border: none; border-radius: 50px; font-weight: 600; cursor: pointer; font-size: 16px; white-space: nowrap;\">Subscribe Now</button>\n        </div>\n    </div>\n</div>\n\n<footer class=\"footer\" role=\"contentinfo\" style=\"background: #2d3748; color: #e2e8f0;\">\n    <h2 class=\"footer-title-sr-only\">{{lang 'footer.title'}}</h2>\n    <div class=\"container\" style=\"padding: 50px 20px 20px;\"\n        <!-- Demo: Modern Footer Grid Layout -->\n        <div style=\"display: grid; grid-template-columns: repeat(auto-fit, minmax(220px, 1fr)); gap: 40px; margin-bottom: 40px;\">\n\n            <!-- Company Info Column (Editable from Backend) -->\n            <div>\n                <h3 style=\"color: white; font-size: 18px; font-weight: 600; margin-bottom: 20px; border-bottom: 2px solid #667eea; padding-bottom: 10px; display: inline-block;\">About Us</h3>\n                <p style=\"line-height: 1.6; margin-bottom: 15px; opacity: 0.85;\">{{theme_settings.demo_footer_about_text}}</p>\n                <div style=\"margin-top: 20px;\">\n                    <a href=\"tel:{{theme_settings.demo_footer_phone}}\" style=\"color: #667eea; display: block; margin-bottom: 8px;\">📞 {{theme_settings.demo_footer_phone}}</a>\n                    <a href=\"mailto:{{theme_settings.demo_footer_email}}\" style=\"color: #667eea; display: block;\">✉️ {{theme_settings.demo_footer_email}}</a>\n                </div>\n            </div>\n\n            <!-- Quick Links Column -->\n            <div>\n                <h3 style=\"color: white; font-size: 18px; font-weight: 600; margin-bottom: 20px; border-bottom: 2px solid #667eea; padding-bottom: 10px; display: inline-block;\">Quick Links</h3>\n                <ul style=\"list-style: none; padding: 0; margin: 0;\">\n                    <li style=\"margin-bottom: 10px;\"><a href=\"#\" style=\"color: #e2e8f0; opacity: 0.85; text-decoration: none; transition: all 0.3s;\">→ About Us</a></li>\n                    <li style=\"margin-bottom: 10px;\"><a href=\"#\" style=\"color: #e2e8f0; opacity: 0.85; text-decoration: none; transition: all 0.3s;\">→ Contact</a></li>\n                    <li style=\"margin-bottom: 10px;\"><a href=\"#\" style=\"color: #e2e8f0; opacity: 0.85; text-decoration: none; transition: all 0.3s;\">→ Track Order</a></li>\n                    <li style=\"margin-bottom: 10px;\"><a href=\"#\" style=\"color: #e2e8f0; opacity: 0.85; text-decoration: none; transition: all 0.3s;\">→ Shipping Info</a></li>\n                    <li style=\"margin-bottom: 10px;\"><a href=\"{{urls.sitemap}}\" style=\"color: #e2e8f0; opacity: 0.85; text-decoration: none; transition: all 0.3s;\">→ Sitemap</a></li>\n                </ul>\n            </div>\n\n            <!-- Customer Service Column -->\n            <div>\n                <h3 style=\"color: white; font-size: 18px; font-weight: 600; margin-bottom: 20px; border-bottom: 2px solid #667eea; padding-bottom: 10px; display: inline-block;\">Customer Service</h3>\n                <ul style=\"list-style: none; padding: 0; margin: 0;\">\n                    <li style=\"margin-bottom: 10px;\"><a href=\"#\" style=\"color: #e2e8f0; opacity: 0.85; text-decoration: none; transition: all 0.3s;\">→ FAQ</a></li>\n                    <li style=\"margin-bottom: 10px;\"><a href=\"#\" style=\"color: #e2e8f0; opacity: 0.85; text-decoration: none; transition: all 0.3s;\">→ Returns & Exchanges</a></li>\n                    <li style=\"margin-bottom: 10px;\"><a href=\"#\" style=\"color: #e2e8f0; opacity: 0.85; text-decoration: none; transition: all 0.3s;\">→ Shipping Policy</a></li>\n                    <li style=\"margin-bottom: 10px;\"><a href=\"#\" style=\"color: #e2e8f0; opacity: 0.85; text-decoration: none; transition: all 0.3s;\">→ Privacy Policy</a></li>\n                    <li style=\"margin-bottom: 10px;\"><a href=\"#\" style=\"color: #e2e8f0; opacity: 0.85; text-decoration: none; transition: all 0.3s;\">→ Terms & Conditions</a></li>\n                </ul>\n            </div>\n\n            <!-- Categories Column -->\n            <div>\n                <h3 style=\"color: white; font-size: 18px; font-weight: 600; margin-bottom: 20px; border-bottom: 2px solid #667eea; padding-bottom: 10px; display: inline-block;\">Categories</h3>\n                <ul style=\"list-style: none; padding: 0; margin: 0;\">\n                    {{#each (limit categories 5)}}\n                        <li style=\"margin-bottom: 10px;\"><a href=\"{{url}}\" style=\"color: #e2e8f0; opacity: 0.85; text-decoration: none; transition: all 0.3s;\">→ {{name}}</a></li>\n                    {{/each}}\n                </ul>\n            </div>\n\n        </div>\n\n        {{#if theme_settings.social_icon_placement_bottom '!==' 'bottom_none'}}\n            <div style=\"text-align: center; padding: 30px 0; border-top: 1px solid rgba(255,255,255,0.1); border-bottom: 1px solid rgba(255,255,255,0.1);\">\n                <h3 style=\"color: white; font-size: 18px; font-weight: 600; margin-bottom: 15px;\">{{lang 'social.connect'}}</h3>\n                {{> components/common/social-links}}\n            </div>\n        {{/if}}\n\n        <section class=\"footer-info\" style=\"display: none;\">\n            <article class=\"footer-info-col footer-info-col--small\" data-section-type=\"footer-webPages\">\n                <h3 class=\"footer-info-heading\">{{lang 'footer.navigate'}}</h3>\n                <ul class=\"footer-info-list\">\n                    {{#each pages}}\n                        <li>\n                            <a href=\"{{url}}\">{{name}}</a>\n                        </li>\n                    {{/each}}\n                    <li>\n                        <a href=\"{{urls.sitemap}}\">{{lang 'sitemap.page_title'}}</a>\n                    </li>\n                </ul>\n            </article>\n\n            <article class=\"footer-info-col footer-info-col--small\" data-section-type=\"footer-categories\">\n                <h3 class=\"footer-info-heading\">{{lang 'footer.categories'}}</h3>\n                <ul class=\"footer-info-list\">\n                    {{#each categories}}\n                        <li>\n                            <a href=\"{{url}}\">{{name}}</a>\n                        </li>\n                    {{/each}}\n                </ul>\n            </article>\n\n            {{#and theme_settings.shop_by_brand_show_footer shop_by_brand.length}}\n            <article class=\"footer-info-col footer-info-col--small\" data-section-type=\"footer-brands\">\n                <h3 class=\"footer-info-heading\">{{lang 'footer.brands'}}</h3>\n                <ul class=\"footer-info-list\">\n                    {{#each shop_by_brand}}\n                        <li>\n                            <a href=\"{{url}}\">{{name}}</a>\n                        </li>\n                    {{/each}}\n                    <li><a href=\"{{urls.brands}}\">{{lang 'common.view_all'}}</a></li>\n                </ul>\n            </article>\n            {{/and}}\n\n            {{#if settings.address}}\n            <article class=\"footer-info-col footer-info-col--small\" data-section-type=\"storeInfo\">\n                <h3 class=\"footer-info-heading\">{{lang 'footer.info'}}</h3>\n                <address>{{nl2br settings.address}}</address>\n                {{#if settings.phone_number}}\n                    <strong>{{lang 'footer.call_us' phone_number=settings.phone_number}}</strong>\n                {{/if}}\n            </article>\n            {{/if}}\n\n            <article class=\"footer-info-col\" data-section-type=\"newsletterSubscription\">\n                {{#if settings.show_newsletter_box}}\n                    {{> components/common/subscription-form}}\n                {{/if}}\n                {{> components/common/payment-icons}}\n            </article>\n        </section>\n        <!-- Demo: Payment Icons Section -->\n        <div style=\"text-align: center; padding: 30px 0; border-bottom: 1px solid rgba(255,255,255,0.1);\">\n            <h4 style=\"color: white; font-size: 14px; font-weight: 600; margin-bottom: 15px; text-transform: uppercase; letter-spacing: 1px;\">Secure Payment Methods</h4>\n            {{> components/common/payment-icons}}\n        </div>\n\n        <!-- Demo: Modern Copyright Section -->\n        <div style=\"text-align: center; padding: 30px 0;\">\n            <p style=\"margin: 0; opacity: 0.75; font-size: 14px;\">&copy; {{moment format=\"YYYY\"}} {{settings.store_name}}. All Rights Reserved.</p>\n            <p style=\"margin: 10px 0 0 0; opacity: 0.6; font-size: 13px;\">Made with ❤️ for our customers</p>\n        </div>\n    </div>\n    {{{region name=\"ssl_site_seal--global\"}}}\n</footer>\n",
  "components/common/body": "<div class=\"body\" id=\"main-content\" data-currency-code=\"{{currency_selector.active_currency_code}}\">\n    {{#block \"hero\"}} {{/block}}\n    <div class=\"container\">\n        {{#block \"page\"}} {{/block}}\n    </div>\n    {{> components/common/modal/modal}}\n    {{> components/common/alert/alert-modal}}\n</div>\n",
  "components/common/responsive-img": "{{!--\nThis file implements the lazysizes srcset pattern (as seen on\nhttps://github.com/aFarkas/lazysizes#modern-transparent-srcset-pattern) for maximum performance on modern browsers\nand reasonable compatibility with legacy browsers.\n\nThere are a few important arguments to know about when using this component:\n`lazyload`:\n    - If set to 'lazyload+lqip', will load a low-res image which will be replaced by lazysizes - ensuring that SOME\n    content is shown immediately on page load. Without LQIP, a transparent gif will be used instead, which reduces\n    the number of requests needed to load the page, making it even faster.\n    - If set to 'lazyload', the browser will not load the full-size image at first, instead the lazysizes plugin will\n        load it progressively after page load. This improves the load speed of the page, but it should be disabled for\n        high-priority above-the-fold images.\n    - If set to 'disabled', will not attempt to lazyload the image and instead tell the browser to load it immediately.\n        Use this for high-priority images that are above the fold.\n\n`fallback_size`:\n    This is the size to use for this image in legacy browsers that do not support srcset.\n    Can be defined as a pixel bounding-box size (e.g. \"123x123) or inherent width (e.g. \"123w\").\n\n`class`:\n    The CSS classes to add to the image, e.g. \"card-image\". If lazyloading is enabled, all images will have the\n    \"lazyload\" class so that lazysizes will target them automatically.\n\n`otherAttributes`:\n    Any other HTML attributes you want on the img tag, for example \"height='100' width='100'\"\n\n`default_image`:\n    The default image to use if `image` is undefined or falsy. Should be a theme asset, usually defined as a relative\n    path in the theme config. If a default image is not provided, you'll get an image tag with no image if the primary\n    image is undefined.\n\n`lqip_size`:\n    If you want to specify a particular size for the LQIP image, you can do so with this argument. A default of 80\n    pixels wide will be used otherwise. This argument has no effect if the lazyload mode is not \"lazyload+lqip\".\n\n--}}\n<img {{#if image}}{{!-- Get the default image for legacy browsers that do not support srcset\n--}}src=\"{{getImageSrcset image 1x=(default fallback_size '160w')}}\" alt=\"{{image.alt}}\" title=\"{{image.alt}}\" {{!--\n  Allow lazysizes to generate the 'sizes' attribute automatically --}}data-sizes=\"auto\"\n  {{#unless lazyload '==' 'disabled'}}\n    {{#if lazyload '==' 'lazyload+lqip'}}\n    {{!-- If we want a LQIP, include it as the default srcset (will be overwritten by lazysizes) --}}\n    srcset=\"{{getImageSrcset image 1x=(default lqip_size '80w')}}\"\n    {{else}}\n      {{!-- If we don't want a LQIP, use a 1px transparent gif for the stand-in image\n            This requires no additional network request, so it's fast --}}\n    srcset=\"data:image/gif;base64,R0lGODlhAQABAIAAAP///wAAACH5BAEAAAAALAAAAAABAAEAAAICRAEAOw==\"\n    {{/if}}\n{{/unless}}\n{{!-- If lazyloading is disabled, just use \"srcset\". If it is not disabled, use \"data-srcset\" so lazysizes will use\n      this after page load --}}\n{{!--\nGenerate the srcset string using the default sizes defined in the helper. This will allow the browser to\npick the best-sized image based on its own understanding of how it will render the page.\n--}}\n{{#unless lazyload '==' 'disabled'}}data-{{/unless}}srcset=\"{{getImageSrcset image use_default_sizes=true }}\"\n{{else if default_image}}src=\"{{cdn default_image}}\" alt=\"{{lang 'products.card_default_image_alt'}}\"{{/if}}\nclass=\"{{#unless lazyload '==' 'disabled'}}lazyload{{/unless}}{{#if class}} {{class}}{{/if}}\"\n{{#if lazyload '==' 'lazyload'}}loading=\"lazy\"{{/if}}\n{{otherAttributes}} />\n",
  "components/common/header": "<a href=\"#main-content\" class=\"skip-to-main-link\">{{lang 'header.skip_to_main'}}</a>\n{{#if banners.top}}\n<div class=\"banners\" data-banner-location=\"top\">\n    {{#each (limit banners.top_metadata 1)}}\n    <div class=\"banner\" data-event-type=\"promotion\" data-entity-id=\"{{this.id}}\" data-name=\"{{this.banner-name}}\" data-position=\"{{this.location}}\" data-banner-id=\"{{this.banner-name}}\">\n        <div data-event-type=\"promotion-click\">\n            {{{this.content}}}\n        </div>\n    </div>\n    {{/each}}\n</div>\n{{/if}}\n<header class=\"header\" role=\"banner\">\n    <a href=\"#\" class=\"mobileMenu-toggle\" data-mobile-menu-toggle=\"menu\">\n        <span class=\"mobileMenu-toggleIcon\">Toggle menu</span>\n    </a>\n    {{> components/common/navigation}}\n\n    {{#if page_type '===' 'default'}}\n        <h1 class=\"header-logo header-logo--{{theme_settings.logo-position}}\">\n            {{> components/common/store-logo}}\n        </h1>\n    {{else}}\n        <div class=\"header-logo header-logo--{{theme_settings.logo-position}}\">\n            {{> components/common/store-logo}}\n        </div>\n    {{/if}}\n    <div class=\"navPages-container\" id=\"menu\" data-menu>\n        {{> components/common/navigation-menu}}\n    </div>\n    {{{region name=\"header_navigation_bottom--global\"}}}\n</header>\n{{{region name=\"header_bottom--global\"}}}\n{{{region name=\"header_bottom\"}}}\n",
  "components/common/subscription-form": "<h3 class=\"footer-info-heading\">{{lang 'newsletter.subscribe'}}</h3>\n<p>{{lang 'newsletter.subscribe_intro'}}</p>\n\n<form class=\"form\" action=\"{{urls.subscribe.action}}\" method=\"post\">\n    <fieldset class=\"form-fieldset\">\n        <input type=\"hidden\" name=\"action\" value=\"subscribe\">\n        <input type=\"hidden\" name=\"nl_first_name\" value=\"bc\">\n        <input type=\"hidden\" name=\"check\" value=\"1\">\n        <div class=\"form-field\">\n            <label class=\"form-label is-srOnly\" for=\"nl_email\">{{lang 'common.email_address'}}</label>\n            <div class=\"form-prefixPostfix wrap\">\n                <input class=\"form-input\"\n                       id=\"nl_email\"\n                       name=\"nl_email\"\n                       type=\"email\"\n                       value=\"{{customer.email}}\"\n                       placeholder=\"{{lang 'newsletter.email_placeholder'}}\"\n                       aria-describedby=\"alertBox-message-text\"\n                       aria-required=\"true\"\n                       autocomplete=\"email\"\n                       required\n                >\n                <input class=\"button button--primary form-prefixPostfix-button--postfix\"\n                       type=\"submit\"\n                       value=\"{{lang 'newsletter.subscribe_submit'}}\"\n                >\n            </div>\n            {{#if settings.show_newsletter_summary }}\n                <div class=\"footer-newsletter-summary\">{{settings.newsletter_summary}}</div>\n            {{/if}}\n        </div>\n    </fieldset>\n</form>\n",
  "components/common/payment-icons": "{{#with theme_settings}}\n    {{#or show_accept_amex show_accept_discover show_accept_mastercard show_accept_paypal show_accept_visa show_accept_amazonpay show_accept_googlepay show_accept_klarna}}\n    <ul class=\"footer-payment-icons\" aria-label=\"{{lang 'account.payment_methods.payment_icons_label'}}\">\n        {{#if show_accept_amex}}\n        <li>\n            <svg class=\"footer-payment-icon\" role=\"img\">\n                <title>American Express</title>\n                <use href=\"#icon-logo-american-express\"></use>\n            </svg>\n        </li>\n        {{/if}}\n        {{#if show_accept_discover}}\n        <li>\n            <svg class=\"footer-payment-icon\" role=\"img\">\n                <title>Discover</title>\n                <use href=\"#icon-logo-discover\"></use>\n            </svg>\n        </li>\n        {{/if}}\n        {{#if show_accept_mastercard}}\n        <li>\n            <svg class=\"footer-payment-icon\" role=\"img\">\n                <title>Mastercard</title>\n                <use href=\"#icon-logo-mastercard\"></use>\n            </svg>\n        </li>\n        {{/if}}\n        {{#if show_accept_paypal}}\n        <li>\n            <svg class=\"footer-payment-icon\" role=\"img\">\n                <title>PayPal</title>\n                <use href=\"#icon-logo-paypal\"></use>\n            </svg>\n        </li>\n        {{/if}}\n        {{#if show_accept_visa}}\n        <li>\n            <svg class=\"footer-payment-icon\" role=\"img\">\n                <title>Visa</title>\n                <use href=\"#icon-logo-visa\"></use>\n            </svg>\n        </li>\n        {{/if}}\n        {{#if show_accept_amazonpay}}\n        <li>\n            <svg class=\"footer-payment-icon\" role=\"img\">\n                <title>Amazon Pay</title>\n                <use href=\"#icon-logo-amazonpay\"></use>\n            </svg>\n        </li>\n        {{/if}}\n        {{#if show_accept_googlepay}}\n        <li>\n            <svg class=\"footer-payment-icon\" role=\"img\">\n                <title>Google Pay</title>\n                <use href=\"#icon-logo-googlepay\"></use>\n            </svg>\n        </li>\n        {{/if}}\n        {{#if show_accept_klarna}}\n        <li>\n            <svg class=\"footer-payment-icon\" role=\"img\">\n                <title>Klarna</title>\n                <use href=\"#icon-logo-klarna\"></use>\n            </svg>\n        </li>\n        {{/if}}\n    </ul>\n    {{/or}}\n{{/with}}\n",
  "components/common/social-links": "{{#if social_media}}\n    <ul class=\"socialLinks socialLinks--alt\">\n        {{#each social_media}}\n            {{#if display_name '===' 'twitter'}}\n                <li class=\"socialLinks-item\">\n                    <a class=\"icon icon--x\"\n                    href=\"{{url}}\"\n                    target=\"_blank\"\n                    rel=\"noopener\"\n                    title=\"X\"\n                    >\n                        <span class=\"aria-description--hidden\">X</span>\n                        <svg>\n                            <use href=\"#icon-x\"/>\n                        </svg>\n                    </a>\n                </li>\n            {{else}}\n                <li class=\"socialLinks-item\">\n                    <a class=\"icon icon--{{display_name}}\"\n                    href=\"{{url}}\"\n                    target=\"_blank\"\n                    rel=\"noopener\"\n                    title=\"{{{capitalize display_name}}}\"\n                    >\n                        <span class=\"aria-description--hidden\">{{{capitalize display_name}}}</span>\n                        <svg>\n                            <use href=\"#icon-{{display_name}}\"/>\n                        </svg>\n                    </a>\n                </li>\n            {{/if}}\n        {{/each}}\n    </ul>\n{{/if}}\n",
  "components/common/alert/alert-modal": "<div id=\"alert-modal\" class=\"modal modal--alert modal--small\" data-reveal data-prevent-quick-search-close>\n    <div class=\"alert-icon error-icon\">\n        <span class=\"icon-content\">\n            <span class=\"line line-left\"></span>\n            <span class=\"line line-right\"></span>\n        </span>\n    </div>\n\n    <div class=\"alert-icon warning-icon\">\n        <div class=\"icon-content\">!</div>\n    </div>\n\n    <div class=\"modal-content\"></div>\n\n    <div class=\"button-container\">\n        <button type=\"button\" class=\"confirm button\" data-reveal-close>{{lang 'common.ok'}}</button>\n        <button type=\"button\" class=\"cancel button\" data-reveal-close>{{lang 'common.cancel'}}</button>\n    </div>\n</div>\n",
  "components/common/modal/modal": "<div id=\"modal\" class=\"modal\" data-reveal data-prevent-quick-search-close>\n    {{> components/common/modal/modal-close-btn}}\n    <div id=\"modal-content\" class=\"modal-content\"></div>\n    <div class=\"loadingOverlay\"></div>\n</div>\n",
  "components/common/navigation": "<!-- Demo Promotional Banner -->\n<div style=\"background: linear-gradient(135deg, #667eea 0%, #764ba2 100%); color: white; padding: 8px 0; text-align: center; font-size: 13px; font-weight: 500;\">\n    🎉 DEMO MODE: Free Shipping on Orders Over $50 | New Spring Collection Now Available! 🌸\n</div>\n\n<nav class=\"navUser\">\n    {{#or customer (unless settings.hide_price_from_guests)}}\n        {{> components/common/currency-selector}}\n    {{/or}}\n\n    {{#if theme_settings.show_channels}}\n        {{> components/common/channel-selector}}\n    {{/if}}\n\n    <ul class=\"navUser-section navUser-section--alt\">\n        {{#if customer.store_credit.value '>' 0}}\n            <li class=\"navUser-item\">\n                <a class=\"navUser-action navUser-action--storeCredit\"\n                   data-dropdown=\"storeCredit-dropdown\"\n                   data-options=\"align:bottom\"\n                   href=\"{{urls.cart}}\"\n                   aria-label=\"{{lang 'common.store_credit_overview' credit=customer.store_credit.formatted}}\"\n                >\n                    <span class=\"navUser-action-divider\">\n                        {{lang 'common.store_credit_overview' credit=customer.store_credit.formatted}}\n                    </span>\n                </a>\n                <div class=\"dropdown-menu\" id=\"storeCredit-dropdown\" data-dropdown-content aria-hidden=\"true\">\n                    {{{lang 'common.store_credit' store_credit=customer.store_credit.formatted}}}\n                </div>\n            </li>\n        {{/if}}\n        <li class=\"navUser-item\">\n            <a class=\"navUser-action navUser-item--compare\"\n               href=\"{{urls.compare}}\"\n               data-compare-nav\n               aria-label=\"{{lang 'common.compare'}}\"\n            >\n                {{lang 'common.compare'}} <span class=\"countPill countPill--positive countPill--alt\"></span>\n            </a>\n        </li>\n        {{#if theme_settings.social_icon_placement_top}}\n            <li class=\"navUser-item navUser-item--social\">\n                {{> components/common/social-links}}\n            </li>\n            <li class=\"navUser-item navUser-item--divider\">|</li>\n        {{/if}}\n        <li class=\"navUser-item\">\n            <button class=\"navUser-action navUser-action--quickSearch\"\n               type=\"button\"\n               id=\"quick-search-expand\"\n               data-search=\"quickSearch\"\n               aria-controls=\"quickSearch\"\n               aria-label=\"{{lang 'common.search'}}\"\n            >\n                {{lang 'common.search'}}\n            </button>\n        </li>\n        <li class=\"navUser-item\">\n            <a class=\"navUser-action\" href=\"#\" aria-label=\"New Arrivals\" style=\"color: #667eea; font-weight: 600;\">\n                ✨ New Arrivals\n            </a>\n        </li>\n        {{#if settings.gift_certificates_enabled}}\n            <li class=\"navUser-item\">\n                <a class=\"navUser-action\"\n                   href=\"{{urls.gift_certificate.purchase}}\"\n                   aria-label=\"{{lang 'common.gift_cert'}}\"\n                >\n                    {{lang 'common.gift_cert'}}\n                </a>\n            </li>\n        {{/if}}\n        <li class=\"navUser-item navUser-item--account\">\n            {{#if customer}}\n                <a class=\"navUser-action\"\n                   href=\"{{urls.account.index}}\"\n                   aria-label=\"{{lang 'common.account'}}\"\n                >\n                    {{lang 'common.account'}}\n                </a>\n                <a class=\"navUser-action\"\n                   href=\"{{urls.auth.logout}}\"\n                   aria-label=\"{{lang 'common.logout'}}\"\n                >\n                    {{lang 'common.logout'}}\n                </a>\n            {{else}}\n                <a class=\"navUser-action\"\n                   href=\"{{urls.auth.login}}\"\n                   aria-label=\"{{lang 'common.login'}}\"\n                >\n                    {{lang 'common.login'}}\n                </a>\n                {{#if settings.account_creation_enabled}}\n                    <span class=\"navUser-or\">{{lang 'common.or'}}</span>\n                    <a class=\"navUser-action\"\n                       href=\"{{urls.auth.create_account}}\"\n                       aria-label=\"{{lang 'common.sign_up'}}\"\n                    >\n                        {{lang 'common.sign_up'}}\n                    </a>\n                {{/if}}\n            {{/if}}\n        </li>\n        <li class=\"navUser-item navUser-item--cart\">\n            <a class=\"navUser-action\"\n               data-cart-preview\n               data-dropdown=\"cart-preview-dropdown\"\n               data-options=\"align:right\"\n               href=\"{{urls.cart}}\"\n               aria-label=\"{{lang 'cart.nav_aria_label'}}\"\n            >\n                <span class=\"navUser-item-cartLabel\">{{lang 'common.cart'}}</span>\n                <span class=\"countPill cart-quantity\"></span>\n            </a>\n\n            <div class=\"dropdown-menu\" id=\"cart-preview-dropdown\" data-dropdown-content aria-hidden=\"true\"></div>\n        </li>\n    </ul>\n    <div class=\"dropdown dropdown--quickSearch\" id=\"quickSearch\" aria-hidden=\"true\" data-prevent-quick-search-close>\n        {{> components/common/quick-search name='nav-quick-search'}}\n    </div>\n</nav>\n",
  "components/common/store-logo": "<a href=\"{{urls.home}}\" class=\"header-logo__link\" data-header-logo-link>\n    {{#if settings.store_logo.image}}\n        {{#if theme_settings.logo_size '===' 'original'}}\n        <img class=\"header-logo-image-unknown-size\"\n             src=\"{{getImage settings.store_logo.image 'logo_size'}}\"\n             alt=\"{{settings.store_logo.title}}\"\n             title=\"{{settings.store_logo.title}}\">\n        {{else}}\n        <div class=\"header-logo-image-container\">\n            <img class=\"header-logo-image\"\n                 src=\"{{getImage settings.store_logo.image 'logo_size'}}\"\n                 srcset=\"{{getImageSrcset1x2x settings.store_logo.image theme_settings.logo_size}}\"\n                 alt=\"{{settings.store_logo.title}}\"\n                 title=\"{{settings.store_logo.title}}\">\n        </div>\n        {{/if}}\n    {{else}}\n    <span class=\"header-logo-text\">{{settings.store_logo.title}}</span>\n    {{/if}}\n</a>\n",
  "components/common/navigation-menu": "<nav class=\"navPages\">\n    <div class=\"navPages-quickSearch\">\n        {{> components/common/quick-search name='nav-menu-quick-search'}}\n    </div>\n    <ul class=\"navPages-list{{#if theme_settings.navigation_design '!==' 'simple'}} navPages-list-depth-max{{/if}}\">\n        {{#each categories}}\n            <li class=\"navPages-item\">\n            {{#if ../theme_settings.navigation_design '===' 'simple'}}\n                {{> components/common/navigation-list}}\n            {{/if}}\n            {{#if ../theme_settings.navigation_design '===' 'alternate'}}\n                {{> components/common/navigation-list-alternate}}\n            {{/if}}\n            </li>\n        {{/each}}\n        {{#unless theme_settings.hide_content_navigation}}\n            {{#each pages}}\n                 <li class=\"navPages-item navPages-item-page\">\n                     <a class=\"navPages-action{{#if name '==' ../page.title}} activePage{{/if}}\"\n                        href=\"{{url}}\"\n                        aria-label=\"{{name}}\"\n                     >\n                         {{name}}\n                     </a>\n                 </li>\n             {{/each}}\n        {{/unless}}\n\n        <!-- Demo: Custom Navigation Tabs with Subtabs -->\n        <li class=\"navPages-item\">\n            <a class=\"navPages-action has-subMenu\"\n               href=\"#\"\n               data-collapsible=\"navPages-collections\"\n               aria-controls=\"navPages-collections\"\n               aria-expanded=\"false\"\n               aria-label=\"Collections\"\n            >\n                Collections\n                <i class=\"icon navPages-action-moreIcon\" aria-hidden=\"true\">\n                    <svg><use href=\"#icon-chevron-down\"></use></svg>\n                </i>\n            </a>\n            <div class=\"navPage-subMenu\" id=\"navPages-collections\" aria-hidden=\"true\" tabindex=\"-1\">\n                <ul class=\"navPage-subMenu-list\">\n                    <li class=\"navPage-subMenu-item\">\n                        <a class=\"navPage-subMenu-action navPages-action\" href=\"#\">Spring 2025</a>\n                    </li>\n                    <li class=\"navPage-subMenu-item\">\n                        <a class=\"navPage-subMenu-action navPages-action\" href=\"#\">Summer Essentials</a>\n                    </li>\n                    <li class=\"navPage-subMenu-item\">\n                        <a class=\"navPage-subMenu-action navPages-action\" href=\"#\">Best Sellers</a>\n                    </li>\n                    <li class=\"navPage-subMenu-item\">\n                        <a class=\"navPage-subMenu-action navPages-action\" href=\"#\">Limited Edition</a>\n                    </li>\n                </ul>\n            </div>\n        </li>\n\n        <li class=\"navPages-item\">\n            <a class=\"navPages-action has-subMenu\"\n               href=\"#\"\n               data-collapsible=\"navPages-lifestyle\"\n               aria-controls=\"navPages-lifestyle\"\n               aria-expanded=\"false\"\n               aria-label=\"Lifestyle\"\n            >\n                Lifestyle\n                <i class=\"icon navPages-action-moreIcon\" aria-hidden=\"true\">\n                    <svg><use href=\"#icon-chevron-down\"></use></svg>\n                </i>\n            </a>\n            <div class=\"navPage-subMenu\" id=\"navPages-lifestyle\" aria-hidden=\"true\" tabindex=\"-1\">\n                <ul class=\"navPage-subMenu-list\">\n                    <li class=\"navPage-subMenu-item\">\n                        <a class=\"navPage-subMenu-action navPages-action\" href=\"#\">Home & Garden</a>\n                    </li>\n                    <li class=\"navPage-subMenu-item\">\n                        <a class=\"navPage-subMenu-action navPages-action\" href=\"#\">Travel Gear</a>\n                    </li>\n                    <li class=\"navPage-subMenu-item\">\n                        <a class=\"navPage-subMenu-action navPages-action\" href=\"#\">Fitness & Wellness</a>\n                    </li>\n                    <li class=\"navPage-subMenu-item\">\n                        <a class=\"navPage-subMenu-action navPages-action\" href=\"#\">Tech & Gadgets</a>\n                    </li>\n                    <li class=\"navPage-subMenu-item\">\n                        <a class=\"navPage-subMenu-action navPages-action\" href=\"#\">Eco-Friendly</a>\n                    </li>\n                </ul>\n            </div>\n        </li>\n\n        <li class=\"navPages-item\">\n            <a class=\"navPages-action has-subMenu\"\n               href=\"#\"\n               data-collapsible=\"navPages-special\"\n               aria-controls=\"navPages-special\"\n               aria-expanded=\"false\"\n               aria-label=\"Special Offers\"\n            >\n                Special Offers 🔥\n                <i class=\"icon navPages-action-moreIcon\" aria-hidden=\"true\">\n                    <svg><use href=\"#icon-chevron-down\"></use></svg>\n                </i>\n            </a>\n            <div class=\"navPage-subMenu\" id=\"navPages-special\" aria-hidden=\"true\" tabindex=\"-1\">\n                <ul class=\"navPage-subMenu-list\">\n                    <li class=\"navPage-subMenu-item\">\n                        <a class=\"navPage-subMenu-action navPages-action\" href=\"#\"><strong>Clearance Sale - Up to 70% Off</strong></a>\n                    </li>\n                    <li class=\"navPage-subMenu-item\">\n                        <a class=\"navPage-subMenu-action navPages-action\" href=\"#\">Buy 2 Get 1 Free</a>\n                    </li>\n                    <li class=\"navPage-subMenu-item\">\n                        <a class=\"navPage-subMenu-action navPages-action\" href=\"#\">Flash Deals</a>\n                    </li>\n                    <li class=\"navPage-subMenu-item\">\n                        <a class=\"navPage-subMenu-action navPages-action\" href=\"#\">Bundle & Save</a>\n                    </li>\n                </ul>\n            </div>\n        </li>\n\n        <li class=\"navPages-item\">\n            <a class=\"navPages-action\" href=\"#\" aria-label=\"Blog\">\n                Blog\n            </a>\n        </li>\n\n        <li class=\"navPages-item\">\n            <a class=\"navPages-action\" href=\"#\" aria-label=\"Contact\">\n                Contact Us\n            </a>\n        </li>\n    </ul>\n    <ul class=\"navPages-list navPages-list--user\">\n        {{#if currency_selector.currencies.length '>' 1}}\n            <li class=\"navPages-item\">\n                <a class=\"navPages-action has-subMenu\"\n                   href=\"#\"\n                   data-collapsible=\"navPages-currency\"\n                   aria-controls=\"navPages-currency\"\n                   aria-expanded=\"false\"\n                   aria-label=\"{{lang 'common.currency' code=currency_selector.active_currency_code}}\"\n                >\n                    {{lang 'common.currency' code=currency_selector.active_currency_code}}\n                    <i class=\"icon navPages-action-moreIcon\" aria-hidden=\"true\">\n                        <svg>\n                            <use href=\"#icon-chevron-down\"></use>\n                        </svg>\n                    </i>\n                </a>\n                <div class=\"navPage-subMenu\" id=\"navPages-currency\" aria-hidden=\"true\" tabindex=\"-1\">\n                    <ul class=\"navPage-subMenu-list\">\n                        {{#each currency_selector.currencies}}\n                        <li class=\"navPage-subMenu-item\">\n                            <a class=\"navPage-subMenu-action navPages-action\"\n                               href=\"{{{switch_url}}}\"\n                               aria-label=\"{{name}}\"\n                               data-currency-code=\"{{{code}}}\"\n                               {{#if cart_currency_switch_url.length '>' 0 }}\n                               data-cart-currency-switch-url=\"{{{cart_currency_switch_url}}}\"\n                               {{/if}}\n                               data-warning=\"{{lang 'common.currency_switch_promotion'}}\"\n                            >\n                                {{#if is_active}}\n                                    <strong>{{name}}</strong>\n                                {{else}}\n                                    {{name}}\n                                {{/if}}\n                            </a>\n                        </li>\n                        {{/each}}\n                    </ul>\n                </div>\n            </li>\n        {{/if}}\n        {{#if theme_settings.show_channels}}\n            <li class=\"navPages-item\">\n                {{> components/common/channel-selector-mobile}}\n            </li>\n        {{/if}}\n        {{#if settings.gift_certificates_enabled}}\n            <li class=\"navPages-item\">\n                <a class=\"navPages-action\"\n                   href=\"{{urls.gift_certificate.purchase}}\"\n                   aria-label=\"{{lang 'common.gift_cert'}}\"\n                >\n                    {{lang 'common.gift_cert'}}\n                </a>\n            </li>\n        {{/if}}\n        {{#if customer.store_credit.value '>' 0}}\n            <li class=\"navPages-item\">\n                <a class=\"navPages-action navPages-action--storeCredit\">\n                    {{lang 'common.store_credit_overview' credit=customer.store_credit.formatted}}\n                </a>\n            </li>\n        {{/if}}\n        {{#if theme_settings.product_list_display_mode '==' 'list'}}\n            <li class=\"navPages-item\">\n                <a class=\"navPages-action navPages-action--compare\"\n                   href=\"{{urls.compare}}\"\n                   data-compare-nav\n                   aria-label=\"{{lang 'common.compare'}}\"\n                >\n                    {{lang 'common.compare'}}\n                    <span class=\"countPill countPill--positive countPill--alt\"></span>\n                </a>\n            </li>\n        {{/if}}\n        {{#if customer}}\n            <li class=\"navPages-item\">\n                <a class=\"navPages-action has-subMenu\"\n                   href=\"{{urls.account.index}}\"\n                   data-collapsible=\"navPages-account\"\n                   aria-label=\"{{lang 'common.account'}}\"\n                >\n                    {{lang 'common.account'}}\n                    <i class=\"icon navPages-action-moreIcon\" aria-hidden=\"true\">\n                        <svg><use href=\"#icon-chevron-down\" /></svg>\n                    </i>\n                </a>\n                <div class=\"navPage-subMenu\" id=\"navPages-account\" aria-hidden=\"true\" tabindex=\"-1\">\n                    <ul class=\"navPage-subMenu-list\">\n                        <li class=\"navPage-subMenu-item\">\n                            <a class=\"navPage-subMenu-action navPages-action\"\n                               href=\"{{urls.account.orders.all}}\"\n                               aria-label=\"{{lang 'account.nav.orders'}}\"\n                            >\n                                {{lang 'account.nav.orders'}}\n                            </a>\n                        </li>\n                        {{#if settings.returns_enabled}}\n                            <li class=\"navPage-subMenu-item\">\n                                <a class=\"navPage-subMenu-action navPages-action\"\n                                   href=\"{{urls.account.returns}}\"\n                                   aria-label=\"{{lang 'account.nav.returns'}}\"\n                                >\n                                    {{lang 'account.nav.returns'}}\n                                </a>\n                            </li>\n                        {{/if}}\n                        <li class=\"navPage-subMenu-item\">\n                            <a class=\"navPage-subMenu-action navPages-action\"\n                               href=\"{{urls.account.inbox}}\"\n                               aria-label=\"{{lang 'account.mobile_nav.messages'}}\"\n                            >\n                                {{lang 'account.mobile_nav.messages'}}\n                            </a>\n                        </li>\n                        <li class=\"navPage-subMenu-item\">\n                            <a class=\"navPage-subMenu-action navPages-action\"\n                               href=\"{{urls.account.addresses}}\"\n                               aria-label=\"{{lang 'account.nav.addresses'}}\"\n                            >\n                                {{lang 'account.nav.addresses'}}\n                            </a>\n                        </li>\n                        {{#if settings.show_payment_methods}}\n                            <li class=\"navPage-subMenu-item\">\n                                <a class=\"navPage-subMenu-action navPages-action\"\n                                   href=\"{{urls.account.payment_methods.all}}\"\n                                   aria-label=\"{{lang 'account.nav.payment_methods'}}\"\n                                >\n                                    {{lang 'account.nav.payment_methods'}}\n                                </a>\n                            </li>\n                        {{/if}}\n                        <li class=\"navPage-subMenu-item\">\n                            <a class=\"navPage-subMenu-action navPages-action\"\n                               href=\"{{urls.account.wishlists.all}}\"\n                               aria-label=\"{{lang 'account.mobile_nav.wishlists'}}\"\n                            >\n                                {{lang 'account.mobile_nav.wishlists'}}\n                            </a>\n                        </li>\n                        <li class=\"navPage-subMenu-item\">\n                            <a class=\"navPage-subMenu-action navPages-action\"\n                               href=\"{{urls.account.recent_items}}\"\n                               aria-label=\"{{lang 'account.nav.recently_viewed'}}\"\n                            >\n                                {{lang 'account.nav.recently_viewed'}}\n                            </a>\n                        </li>\n                        <li class=\"navPage-subMenu-item\">\n                            <a class=\"navPage-subMenu-action navPages-action\"\n                               href=\"{{urls.account.details}}\"\n                               aria-label=\"{{lang 'account.nav.settings'}}\"\n                            >\n                                {{lang 'account.nav.settings'}}\n                            </a>\n                        </li>\n                    </ul>\n                </div>\n            </li>\n            <li class=\"navPages-item\">\n                <a class=\"navPages-action\"\n                   href=\"{{urls.auth.logout}}\"\n                   aria-label=\"{{lang 'common.logout'}}\"\n                >\n                    {{lang 'common.logout'}}\n                </a>\n            </li>\n        {{else}}\n            <li class=\"navPages-item\">\n                <a class=\"navPages-action\"\n                   href=\"{{urls.auth.login}}\"\n                   aria-label=\"{{lang 'common.login'}}\"\n                >\n                    {{lang 'common.login'}}\n                </a>\n                {{#if settings.account_creation_enabled}}\n                    {{lang 'common.or'}}\n                    <a class=\"navPages-action\"\n                       href=\"{{urls.auth.create_account}}\"\n                       aria-label=\"{{lang 'common.sign_up'}}\"\n                    >\n                        {{lang 'common.sign_up'}}\n                    </a>\n                {{/if}}\n            </li>\n        {{/if}}\n        {{#if theme_settings.social_icon_placement_top}}\n            <li class=\"navPages-item\">\n                {{> components/common/social-links}}\n            </li>\n        {{/if}}\n    </ul>\n</nav>\n",
  "components/common/modal/modal-close-btn": "<button class=\"modal-close\"\n        type=\"button\"\n        title=\"{{lang 'common.close'}}\"\n        {{additional_attr}}\n>\n    <span class=\"aria-description--hidden\">{{lang 'common.close'}}</span>\n    <span aria-hidden=\"true\">&#215;</span>\n</button>\n",
  "components/common/currency-selector": "{{#if currency_selector.currencies.length '>' 1}}\n<ul class=\"navUser-section\">\n    <li class=\"navUser-item\">\n        <a class=\"navUser-action navUser-action--currencySelector has-dropdown\"\n           href=\"#\"\n           data-dropdown=\"currencySelection\"\n           aria-controls=\"currencySelection\"\n           aria-expanded=\"false\"\n        >\n            {{lang 'common.currency' code=currency_selector.active_currency_code}}\n            <i class=\"icon\" aria-hidden=\"true\">\n                <svg>\n                    <use href=\"#icon-chevron-down\" />\n                </svg>\n            </i>\n        </a>\n        <ul class=\"dropdown-menu\" id=\"currencySelection\" data-dropdown-content aria-hidden=\"true\" tabindex=\"-1\">\n            {{#each currency_selector.currencies}}\n            <li class=\"dropdown-menu-item\">\n                <a href=\"{{{switch_url}}}\"\n                   data-currency-code=\"{{{code}}}\"\n                   {{#if cart_currency_switch_url.length '>' 0 }}\n                   data-cart-currency-switch-url=\"{{{cart_currency_switch_url}}}\"\n                   {{/if}}\n                   data-warning=\"{{lang 'common.currency_switch_promotion'}}\"\n                >\n                {{#if is_active}}\n                    <strong>{{name}}</strong>\n                {{else}}\n                    {{name}}\n                {{/if}}\n                </a>\n            </li>\n            {{/each}}\n        </ul>\n    </li>\n</ul>\n{{/if}}\n",
  "components/common/quick-search": "<div class=\"container\">\n    <form class=\"form\" data-url=\"{{urls.search}}\" data-quick-search-form>\n        <fieldset class=\"form-fieldset\">\n            <div class=\"form-field\">\n                <label class=\"is-srOnly\" for=\"{{name}}\">{{lang \"search.quick_search.input_label\"}}</label>\n                <input class=\"form-input\"\n                       data-search-quick\n                       name=\"{{name}}\"\n                       id=\"{{name}}\"\n                       data-error-message=\"{{lang 'search.error.empty_field'}}\"\n                       placeholder=\"{{lang 'search.quick_search.input_placeholder'}}\"\n                       autocomplete=\"off\"\n                >\n            </div>\n        </fieldset>\n    </form>\n    <section class=\"quickSearchResults\" data-bind=\"html: results\"></section>\n    <p role=\"status\"\n       aria-live=\"polite\"\n       class=\"aria-description--hidden\"\n       data-search-aria-message-predefined-text=\"{{{lang 'search.results.quick_count_live'}}}\"\n    ></p>\n</div>\n",
  "components/common/channel-selector": "{{#if theme_settings.channels.length '>' 1}}\n<ul class=\"navUser-section\">\n    <li class=\"navUser-item\">\n        <a href=\"#\"\n           class=\"navUser-action navUser-action--channelSelector has-dropdown\"\n           data-dropdown=\"channelSelection\"\n           aria-controls=\"channelSelection\"\n           aria-expanded=\"false\"\n        >\n            {{#each theme_settings.channels}}\n                {{#if is_active}}\n                    {{lang 'common.channel' code=code}}\n                {{/if}}\n            {{/each}}\n            <i class=\"icon\" aria-hidden=\"true\">\n                <svg>\n                    <use href=\"#icon-chevron-down\"/>\n                </svg>\n            </i>\n        </a>\n        <ul class=\"dropdown-menu\" id=\"channelSelection\" data-dropdown-content aria-hidden=\"true\" tabindex=\"-1\">\n            {{#each theme_settings.channels}}\n                <li class=\"dropdown-menu-item\">\n                    <a href=\"{{{switch_url}}}\" data-channel-code=\"{{{code}}}\" data-warning=\"{{lang 'common.channel_switch_warning'}}\">\n                        {{#if is_active}}\n                            <strong>{{name}}</strong>\n                        {{else}}\n                            {{name}}\n                        {{/if}}\n                    </a>\n                </li>\n            {{/each}}\n        </ul>\n    </li>\n</ul>\n{{/if}}\n",
  "components/common/navigation-list": "{{#if children}}\n<a class=\"navPages-action has-subMenu{{#if is_active}} activePage{{/if}}\"\n   href=\"{{url}}\"\n   data-collapsible=\"navPages-{{id}}\"\n>\n    {{name}}\n    <i class=\"icon navPages-action-moreIcon\" aria-hidden=\"true\">\n        <svg><use href=\"#icon-chevron-down\" /></svg>\n    </i>\n</a>\n<div class=\"navPage-subMenu\" id=\"navPages-{{id}}\" aria-hidden=\"true\" tabindex=\"-1\">\n    <ul class=\"navPage-subMenu-list\">\n        <li class=\"navPage-subMenu-item\">\n            <a class=\"navPage-subMenu-action navPages-action\"\n               href=\"{{url}}\"\n               aria-label=\"{{lang 'category.view_all.name' category=name}}\"\n            >\n                {{lang 'category.view_all.name' category=name}}\n            </a>\n        </li>\n        {{#each children}}\n            <li class=\"navPage-subMenu-item\">\n                {{#if children}}\n                    <a class=\"navPage-subMenu-action navPages-action has-subMenu{{#if is_active}} activePage{{/if}}\"\n                       href=\"{{url}}\"\n                       aria-label=\"{{name}}\"\n                    >\n                        {{name}}\n                        <span class=\"collapsible-icon-wrapper\"\n                            data-collapsible=\"navPages-{{id}}\"\n                            data-collapsible-disabled-breakpoint=\"medium\"\n                            data-collapsible-disabled-state=\"open\"\n                            data-collapsible-enabled-state=\"closed\"\n                        >\n                            <i class=\"icon navPages-action-moreIcon\" aria-hidden=\"true\">\n                                <svg><use href=\"#icon-chevron-down\" /></svg>\n                            </i>\n                        </span>\n                    </a>\n                    <ul class=\"navPage-childList\" id=\"navPages-{{id}}\">\n                        {{#each children}}\n                        <li class=\"navPage-childList-item\">\n                            <a class=\"navPage-childList-action navPages-action{{#if is_active}} activePage{{/if}}\"\n                               href=\"{{url}}\"\n                               aria-label=\"{{name}}\"\n                            >\n                                {{name}}\n                            </a>\n                        </li>\n                        {{/each}}\n                    </ul>\n                {{else}}\n                    <a class=\"navPage-subMenu-action navPages-action{{#if is_active}} activePage{{/if}}\"\n                       href=\"{{url}}\"\n                       aria-label=\"{{name}}\"\n                    >\n                        {{name}}\n                    </a>\n                {{/if}}\n            </li>\n        {{/each}}\n    </ul>\n</div>\n{{else}}\n<a class=\"navPages-action{{#if is_active}} activePage{{/if}}\"\n   href=\"{{url}}\"\n   aria-label=\"{{name}}\"\n>\n    {{name}}\n</a>\n{{/if}}\n",
  "components/common/channel-selector-mobile": "{{#if theme_settings.channels.length '>' 1}}\n<a href=\"#\"\n   class=\"navPages-action has-subMenu\"\n   data-collapsible=\"navPages-channel\"\n   aria-controls=\"navPages-channel\"\n   aria-expanded=\"false\"\n   aria-label=\"\n    {{#each theme_settings.channels}}\n        {{#if is_active}}\n            {{lang 'common.channel' code=code}}\n        {{/if}}\n    {{/each}}\n   \"\n>\n    {{#each theme_settings.channels}}\n        {{#if is_active}}\n            {{lang 'common.channel' code=code}}\n        {{/if}}\n    {{/each}}\n    <i class=\"icon navPages-action-moreIcon\" aria-hidden=\"true\">\n        <svg>\n            <use href=\"#icon-chevron-down\"></use>\n        </svg>\n    </i>\n</a>\n<div class=\"navPage-subMenu\" id=\"navPages-channel\" aria-hidden=\"true\" tabindex=\"-1\">\n    <ul class=\"navPage-subMenu-list\">\n        {{#each theme_settings.channels}}\n        <li class=\"navPage-subMenu-item\">\n            <a href=\"{{{switch_url}}}\"\n               class=\"navPage-subMenu-action navPages-action\"\n               aria-label=\"{{name}}\"\n               data-channel-code=\"{{{code}}}\"\n               data-warning=\"{{lang 'common.channel_switch_warning'}}\"\n            >\n                {{name}}\n            </a>\n        </li>\n        {{/each}}\n    </ul>\n</div>\n{{/if}}\n",
  "components/common/navigation-list-alternate": "{{#if children}}\n    <a class=\"navPages-action navPages-action-depth-max has-subMenu is-root{{#if is_active}} activePage{{/if}}\"\n       href=\"{{url}}\"\n       data-collapsible=\"navPages-{{id}}\"\n       aria-label=\"{{name}}\"\n    >\n        {{name}}\n        <i class=\"icon navPages-action-moreIcon\" aria-hidden=\"true\">\n            <svg><use href=\"#icon-chevron-down\" /></svg>\n        </i>\n    </a>\n    {{> components/common/navigation-dropdown}}\n{{else}}\n    <a class=\"navPages-action{{#if is_active}} activePage{{/if}}\"\n       href=\"{{url}}\"\n       aria-label=\"{{name}}\"\n    >\n        {{name}}\n    </a>\n{{/if}}\n",
  "components/common/navigation-dropdown": "<div class=\"navPage-subMenu navPage-subMenu-horizontal\" id=\"navPages-{{id}}\" aria-hidden=\"true\" tabindex=\"-1\">\n    <ul class=\"navPage-subMenu-list\">\n        <li class=\"navPage-subMenu-item-parent\">\n            <a class=\"navPage-subMenu-action navPages-action navPages-action-depth-max\" href=\"{{url}}\">{{lang 'category.view_all.name' category=name}}</a>\n        </li>\n        {{#each children}}\n            <li class=\"navPage-subMenu-item-child\">\n                {{#if children}}\n                    <a class=\"navPage-subMenu-action navPages-action navPages-action-depth-max has-subMenu{{#if is_active}} activePage{{/if}}\" href=\"{{url}}\" data-collapsible=\"navPages-{{id}}\">\n                        {{name}}<i class=\"icon navPages-action-moreIcon\" aria-hidden=\"true\"><svg><use href=\"#icon-chevron-down\" /></svg></i>\n                    </a>\n                    {{> components/common/navigation-dropdown}}\n                {{else}}\n                    <a class=\"navPage-subMenu-action navPages-action{{#if is_active}} activePage{{/if}}\" href=\"{{url}}\">{{name}}</a>\n                {{/if}}\n            </li>\n        {{/each}}\n    </ul>\n</div>\n"
}